0	1	a	@USER you are a lying corrupt traitor!!! Nobody wants to hear anymore of your lies!!! #DeepStateCorruption URL
1	0	a	@USER When are the Republicans going to learn that Democrats hate conservatives .Vote  Thursday
2	1	a	@USER I didn‚Äôt tweet this lol I needa get my Twitter off this shit
3	1	a	A bitch is complaining to corporate about me in our lobby lmaooo
4	1	a	@USER @USER She is full of bunk.
5	1	a	@USER Fuckkk üòÇüòÇ I know I seen bitch that‚Äôs a slapper lmao
6	1	a	@USER John Podesta is a spirit cooking pedo. Here's a photo of him and Valerie Jarrett in a rather compromising situation.  #MAGA #qanon #DrainTheDeepState #DrainTheSwamp URL
7	2	a	@USER I love the way this pisses off liberals. URL
8	2	a	@USER Niggaz buying pussy bitches trying to buy love...
9	1	a	@USER @USER Bitch shut up he building his self esteem
10	2	a	@USER Why of course. Liberals reject truth and accept falsehoods. That's why they don't believe Kanaugh and believe Ellison.
11	1	a	@USER IM GOING HARDCORE BITCH
12	1	a	@USER Both sides have promised wall SINCE ever y should ANYONE BELIEVE ANYTHING THEY SAY????? ?promised since 1986
13	1	a	@USER Sam was singing and they DiDNT tell her to stop singing and she thanked them!! Unbelievable!!! Who the hell is she talking to?! It's bad enough when she is talking to one of the houseguest !! But to keep talking to herself! Wonder what her family think about her going nuts!
14	0	a	@USER @USER LMAO....YOU SUCK NFL
15	2	a	@USER I don't know anything about the kkk although I believe the democrats fund them like they always did.  I think the Dems main terror group these days is antifa.
16	1	a	@USER @USER Queen Of Rap üòõ Other Bitches can knot relate
17	2	a	@USER @USER Popular side doesn‚Äôt equal winning side. Facts are that private schools do a much better job educating students than public schools. Public school teachers get unfair perks that they don‚Äôt deserve. It‚Äôs unfair to private school teachers.
18	1	a	@USER You are TRIPPIN. Stop jumping to conclusions.
19	1	a	@USER And honestly it‚Äôs ridiculous.. you are grocery shopping there is no need to be like That
20	2	a	@USER @USER @USER Bullshit! Regulations are good because it keeps conservatives from striping our land into the Abyss
21	1	a	@USER @USER @USER Are you saying he is a turkey chocker üò∂
22	2	a	@USER @USER #nope... With Mm no way...maybe is time to ask Sky what has gone wrong? Because #Foster from CNN have the book first than KP tweeted about the book...  Liberals... From Trump for Americans to Mm for British... I don't known who is worst
23	2	a	@USER @USER @USER The Democrats are so desperate all those ppl threatening Sen Collins are from CA. They will do anything to delay or halt confirmation and @USER re-election is on the line she is desperate. The ppl &amp; GOP are quite aware of what is going on.
24	1	a	@USER Then your gonna get bitten
25	1	a	"#maga #christineford #trump2020 #tcot #ccot #AmericaFirst #Patriots @USER  #BrettKavanaugh had this to say about Bill Clinton during Whitewater:   It's imperative to make his pattern of revolting behavior clear -- piece by painful piece.""   Indeed. URL"
26	2	a	Rosenstein‚Äôs 300 Attorneys ‚ÄòHelped‚Äô Vet Kavanaugh ‚Äì Now Sexual Abuse Charges URL which go back to his highschool days  and can't be proven &amp; Named witness DENIES  #Pathetic #ConfirmKavanaugh #PJNET #CCOT #maga #KAG2018 #Trump2020 #NoMoreProgressiveLiberals
27	1	a	@USER Funny Human Rights He is  Pro Abortion That settles it He lies pacified deceives Playboy
28	1	a	@USER @USER Thats correct!!! #MAGA
29	2	a	"@USER @USER @USER @USER This is great! Mark The Great One"" Levin and Candace ""The Great"" Owens together! This team is unbeatable! They just sent liberals into a frenzy again! A whole block of liberal voters just had their heads explode! And...sadly, Alyssa Milano just wet her pants again! Great team!"""
30	1	a	@USER Apparently this POS doesn‚Äôt know that Viacom bought out BET. It went from black ownership to white ownershipü§£ü§£ü§£ü§£ü§£ü§£
31	2	a	@USER @USER Da fuck is going on people?   There's the men's room and the women's room  Pick one and stick w it ü§î
32	1	a	@USER That sucks üëé
33	2	a	@USER So it moves forward. Damn the facts as long as you keep up the narrative! The Dangerous line is the sliding scale line that you bunch of liberal idiots use to vilify Conservatives or justify the actions of liberals
34	1	a	@USER If you go by anything other than he or she you are fucked in the head.
35	1	a	@USER       Thank you for your fortitude and perseverance. Please give McConnell a kick in the butt from some of us conservatives.
36	0	a	"@USER @USER The prison system is so fucked.  Why are they still getting away with what is potentially murder with intent if the prisoners die in the hurricane? They did this in Louisiana and like 500 inmates went missing"""""
37	2	a	@USER @USER If Kavanaugh is confirmed there will be two sexual deviants sitting on the Supreme Court. Both Conservatives and nominated by Republicans. Democrats put women on the SCOTUS and Republicans put perverted men there. FOR THEIR LIFETIME! #StopKavanaugh #StopTrump #SaveSCOTUS
38	1	a	@USER @USER Lefty Pope should also! He is Not worthy rep for true christian roman catholics!! He failed his flock!
39	1	a	@USER #oshaeterry #ThugLife #Criminal Behaved as an Ordinary Disposable Criminal. #MAGA #MAGA2020 #MAGARallyRules #TexasPolice
40	0	a	Was this a threat from @USER #DangerousDemocrats #maga URL
41	1	a	@USER All that money hadn't made u smarter.
42	1	a	@USER WOW!  That lie'n bitch is at it again. URL
43	1	a	@USER üòÖüòÖüòÖüòÖüòÖüòÖüòÖüòÖüòÖ gun control fun a statue of a stupid child under a desk are going to change peoples if that is the case they are stupid because i for will not give up my firearms or free speech or my rights to no one or no government! Fuck you!
44	1	a	@USER @USER He is both evil and delusional. He eats those high quality paint chips.
45	2	a	@USER What a joke.  Another dirty tricks Democrat on the George Soros payroll.  The Democrat Party knows no shame.  #MAGA
46	2	a	@USER @USER @USER @USER @USER @USER @USER @USER @USER @USER @USER @USER @USER @USER @USER @USER @USER Little known fact Balaam raced donkeys and gambled on races. One day his fastest ass was winning the Jerusalem sweepstakes. And right before the finish the ass lost control running over a Samaritan and two Africans . Local antifa saw the whole thing and blamed the fastest ass!
47	1	a	@USER Yet she is fat herself.
48	2	a	#ThursdayThoughts- FUCK liberals. Forever.
49	1	a	@USER I think she is the one mad.  She didnt like being called out so she is trying to make them bully me. üòÜ
50	1	a	@USER @USER @USER @USER @USER @USER @USER @USER @USER @USER @USER @USER @USER @USER @USER @USER @USER @USER @USER @USER @USER @USER @USER @USER @USER @USER @USER @USER @USER @USER @USER @USER @USER @USER @USER @USER @USER @USER @USER @USER @USER @USER @USER @USER @USER @USER @USER @USER @USER @USER You are not very smart are you? Why do you think Gen Flynn‚Äôs sentencing keeps being rescheduled? URL
51	1	a	@USER Let the leftist democrats riot in the streets with their antifa counterparts.
52	1	a	@USER He is a DUMBASS !!!!!
53	1	a	@USER @USER @USER @USER @USER Oh it‚Äôs ok because 45 reversed the most important issue on mental health he got rid of the mental health conditions on gun control. Great job! What a guy! He is a liar proven over &amp; over again. But you worship away that‚Äôs your right
54	1	a	@USER Rip lmao who knows üòÇ that's why I'm trying so hard not to expose my shits since they can't never relate anyway
55	2	a	@USER That's what happens when you let a liberal get a hold of a gun.  That would be a good place to start gun control.  Ban liberals from getting guns.
56	2	a	@USER @USER @USER May be you have forgotten that at the moment we are EU citizens and so all rights afforded to us are the same as for other EU citizens. Don‚Äôt believe all the shit that goes on in your head.
57	1	a	@USER @USER We have been saved from you! MAGA!
58	2	a	@USER The Liberals are mentally unstable!!
59	1	a	@USER I used to do signifing monkey by heart. Played it for the wife and she is like what the hell?
60	1	a	@USER @USER @USER i think i missed a few replies here (im on a conference call) but most of the anti jihadi muslim vets i know would disagree with gun control. so this seems odd...?
61	2	a	@USER Thus far the only people getting shot and kicked out of places are conservatives. #MAGA #WalkAway #ConfirmKavanaugh
62	1	a	@USER Coming from the man that threatened to try and kick Turmps ass now don't that take a set of ball's
63	1	a	@USER @USER Go home you‚Äôre drunk!!! @USER #MAGA #Trump2020 üëäüá∫üá∏üëä URL
64	1	a	@USER Fool on the Hill !
65	1	a	@USER At this point in time... I don't think Pres. Trump gives a sh*t... and neither do I! LOL URL
66	2	a	@USER Yeah I'll not take my gun control policy advice from a Jean's company. Beyond that trumps die hard are almost enough that the snowflakes they claim to dislike and themselves are hard to tell a part
67	2	a	#VA10 voters know @USER is the right side of the gun issue. Gun control or gun rights? The answer may help determine whether NRA-financed Rep. Comstock wins reelection URL
68	2	a	"@USER And the brainless #DEMS wants us to believe that he doesn't have the majority. Liberals is just like their leaders"" the corrupts #Obama and #CrookedHillary both are real bad losers #MAGA #TRUMP"""
69	1	a	Too bad life sucks 4 u #schiff4brains üòÇ ur going down along wi ur other CRIMINAL friends. Only red line crossed is the LIES U TELL. U will never b anything more than the belly of a SNAKE #MAGA #TRUMP2020 #schiff4brains URL
70	2	a	@USER noticed you broke away as soon as the senate started talking about the great 4.2 growth rate and salary increases for employees.  Your station is so crooked!!!!   Also negative on the conservatives and praise the liberals!  #DrainTheDeepState #crookedmedia
71	1	a	@USER @USER She‚Äôll have a total mental breakdown when he is re-elected!!!!
72	2	a	@USER Just one more proof that the dnc hates the cosnstitution. this is exactly what pres. Washington warned us of in his farwell address. the dnc hates the constitution because it stands in the way of their totalitarain agenda. maybe that i why they push both socialism and gun control
73	1	a	@USER Believe the woman.  What person would volunteer for the shit show she is about to experience if it weren‚Äôt true.  I stand in solidarity with Christine Blasey Ford.
74	1	a	@USER @USER @USER Trump is a very sick man. He is toxic and mean spirited.
75	2	a	@USER @USER Leftists showing yet again how vile they can be
76	2	a	I got more common sense than all of my followers  :)
77	1	a	@USER Rezz is a dumb bitch who will get a rude awakening from BNF in Mexico lol URL
78	0	a	@USER @USER what is this shit right over here? I also showed to my polish friends and they are quite triggered
79	1	a	@USER what the actual fuck..ill report them this is so fucked up
80	2	a	@USER @USER @USER My auto correct Gggrrr she is a *crazy witch*
81	2	a	@USER This game sucks donkey balls
82	1	a	A bitch built like that could beat my ass all she wants URL
83	1	a	"@USER Good liberals will allow a rapist"" to continue serving on a federal district court while his victim continues to suffer?    But...you said....you said...."""
84	1	a	@USER Another negative Democrat who refuses to disappear!
85	1	a	"@USER @USER @USER Well, they'll cut out 299 pages and replace it with 1 saying everyone needs more chlorine""  C'mon are you chicken?"""
86	2	a	@USER EXPOSE these demons violating our Constitution with violence &amp; threats to run govt instead of winning at the polls! Name them domestic terrorists &amp; jail them all.
87	2	a	#YESonKavanaugh Yes because it is the right thing to do Yes because conservatives are in power Yes because Democrats are miserable humans Yes because we are sick and tired of the tantrums from the Democrats Yes because they FREAKING LOST THE ELECTION! Please add more reasons!!!!
88	2	a	@USER Lol they have no idea Nazis were socialist. Their complete inability to grasp reality is so mind blowing. Antifa is no shit calling for a civil war to defend slavery. The confederacy considered Lincoln a fascist too... hmmmm.
89	1	a	@USER Let me borrow yo shit first ü§£
90	1	a	Alert: Candace Owens Was Just Attacked By Antifa URL
91	1	a	@USER Canada doesn‚Äôt need another CUCK! We already have enough #LooneyLeft #Liberals f**king up our great country! #Qproofs #TrudeauMustGo
92	2	a	@USER @USER OMG !!!! Really !!! #FrankOz ... Liberals ruins Everything ... #DefundPBS..
93	2	a	@USER @USER @USER @USER @USER @USER @USER @USER @USER @USER So absurd.  The left has been fielding violent feminists and communists in the form of Antifa to attack the very peaceful transition of power for more than two years.    I wonder if it will ever occur to you that you are the bad guys?  I doubt you have the moral fortitude.
94	2	a	@USER @USER California gun control is direct result of white people scared of Black Panthers using their right to bear arms. NRA had no problem with that gun control!
95	0	a	@USER @USER Because 45% of Americans are too lazy to vote.  Non-voters skew liberal. And too many liberals who do vote throw their vote away on 3rd party losers. Next question?
96	2	a	"@USER @USER @USER @USER @USER @USER @USER @USER @USER @USER @USER @USER @USER @USER @USER @USER @USER @USER @USER @USER @USER @USER @USER @USER @USER @USER @USER @USER @USER @USER @USER @USER @USER @USER @USER @USER @USER @USER @USER @USER @USER @USER @USER @USER @USER @USER @USER @USER @USER They get testy and decide you're a paid shill"" a lot, if you end up hanging around QAnon you'll get used to it."""
97	1	a	@USER Hubby rushed me *shakes fist* will flick a pic thru this evening when I feed em again. By the way he is still the boss
98	1	a	@USER @USER ANTIFA is not giving death threats to professor Ford or threatening violence if their candidate loses or Spanky is impeached.
99	1	a	"@USER You can probably imagine all the SJW snowflakes that don't feel safe"" working where there might be conservatives lurking in the shadows.  Conservatives are now the Ruskies of the 21st century."""
100	2	a	@USER @USER @USER @USER Oh boo you sound so ignorant with your words. We are on Top. All of America is on Top now. How about stop resisting and try to help make our nation the best for everyone not just liberals. Wake up and Walk Away.
101	2	a	@USER Another dumbass Democrat. One thing you have to say about this president is he‚Äôs not lazy. Another bullshit story as usual
102	1	a	@USER @USER She is useless.  Attempts to do the right thing but never follows through.
103	1	a	@USER It's been up since Sunday night. He is a sloth.
104	1	a	@USER @USER @USER What part of NO COLLUSION don't you get??? This is why you are a dumocrat
105	1	a	@USER I suppose you think the way liberals attacked Sarah Palin was courageous also. You‚Äôre just another hypocrite.
106	1	a	@USER You are an absolute dick üò°
107	1	a	@USER @USER Isn‚Äôt that the Amazon bitch from Antifa?
108	1	a	@USER Not if you are from Wisconsin. And it‚Äôs a bubbler. And duck duck goose.
109	1	a	@USER @USER Very pathetic man !
110	2	a	@USER ajsjjsjdkkdjdk i want him so much he‚Äôd literally tell me to die and i‚Äôd obey him
111	1	a	"@USER @USER @USER It wouldn't surprise me a bit. Just like they falsely call conservatives, Fascists"" and justify physically attacking them. ""Trump's a Nazi, kill him!"". It's just a matter of time before they suggest it."""
112	0	a	@USER Even if the devil did make every single one of those priests rape children... Why does the pope refuse to condemn it? Why didn't he remove from leadership the rapist brought to him?
113	2	a	@USER Thank you Ms Desanctis! I'm comforted that not all conservatives are letting their ambition blind their conscience. Sexual assault/harassment has been a plague on society for centuries - that should NOT make it a conservative or traditionalist cause!
114	1	a	@USER Like if you didn‚Äôt get fired from ESPN
115	2	a	@USER @USER Well he's a liberal so that explains it. Who knows the shooter may be a liberal as far as he knows. Liberals are very hateful violent people and must be defeated!
116	1	a	You you have committed so many crimes. No care what a liar has to say. You belong in prison. #MAGA URL
117	2	a	"@USER @USER When I turned the speech on it sounded to me like Liberals becoming another nasty party"" with his personal attacks on various individuals."""
118	1	a	@USER @USER @USER @USER Isn't it great how liberals ignore the pain of their victims because they are democrats.  It is really sick.
119	1	a	@USER @USER @USER @USER @USER @USER @USER @USER @USER I like that they aren't mincing around with her. I do not understand why she is denying doing porn.
120	2	a	The only thing the Democrats have is lying and stalling to stop Trump from being #President.  What have they done for you lately. #Trump #Kavanaugh #MAGA #DEMSUCK
121	1	a	@USER @USER @USER What a joke! She is a Gem alright!! She is a Racist phony! Right along with this Racist Phony. That thinks she will follow me from her second account. And block me. Because I speak the truth. I could care less about follower's. Like it's a big party. I care that they discriminate URL
122	2	a	@USER @USER @USER @USER Only a liberal would support a liberal that spent a MILLION to get liberals elected to office. #LibFAIL! URL
123	1	a	@USER Yes I saw this and I will say tapper kept basket her and she kept coming back with stupid answers And he finally gave up I don‚Äôt think he is a big fan of her policies he‚Äôs not that stupid please
124	2	a	@USER @USER Then maybe we can talk about the double standards between liberals and conservatives at @USER Somebody is always a victim.
125	1	a	"@USER @USER @USER @USER @USER FEMA has contacted the Senator and was told.its a TV hit you take them when you can"" He Is a liar.  If he had a set... he would put on his big girl panties and tell the truth!"""
126	2	a	@USER By the way why don‚Äôt you move to Haiti ? You liberals seem to make shit holes out of large cities. So go somewhere where it‚Äôs already a shit hole so you don‚Äôt have to do any work !
127	1	a	@USER @USER @USER I should wash your mouth out with soap for saying that! I have the utmost respect and admiration for our cops. I don‚Äôt have that for dirt bags who would break into my home.  Gun control means a steady hand not an empty one. Go talk to Antifa buddies about being a drain
128	2	a	@USER But I thought Antifa were actually fascists but this shows Rethuglicans are the actual fascists in the room.
129	0	a	@USER @USER @USER Oh and higher unemployment and witch hunts and lynch mobs and antifa communist parades ...you can have all that shit and let Hollywood decide how you feel.
130	1	a	@USER @USER @USER @USER The Institution only let her tweet when she behaves. She is a Window Licker!!!!
131	2	a	@USER Cause who bitches be playing with üò≠üò≠üò≠üò≠ god aint give me the gift for nothing
132	1	a	@USER @USER Without question Professor Ford is troubled that's being polite. Half the women in the world (probably more) have been groped at one time or an other  and don't hold on to it for 40 years. This is obviously a political ploy to deter scotus confirmation. @USER #MAGA
133	1	a	@USER damn what i would do to be able to eat that pussy
134	2	a	@USER Look at all these racist white liberals freaking out because I said Tom Arnold has white privileged.
135	2	a	@USER @USER @USER That's expected if you placate the violent leftists/terrorists. #KavanaughConfirmation #woke
136	2	a	@USER @USER No news. orgs. are giving Faith Goldy the time of day. That's simply wrong. She may not have the experience of the other two useless fools but she cares and she is no one's fool.
137	1	a	@USER Does anyone care what that dirtbag says???
138	1	a	@USER She‚Äôs one of those ‚Äòkooky‚Äô liberals.
139	1	a	@USER HE IS A RUSSIAN SPY /HAVE RECEIVED MUCH MONEY FROM PUTIN.
140	1	a	@USER @USER Wonder how many children he molested
141	2	a	@USER @USER Liberals act out of emotion. Not understanding the law. Then they go around condemning every1 who does not agree with their completely fucked rational. ‚ÄúNobody believed women for 250 years. So let‚Äôs believe all women! Oh and screw the legal system! Men are pigs. He‚Äôs guilty!‚Äù Smh
142	1	a	@USER @USER @USER @USER @USER @USER @USER @USER @USER @USER that is about the saddest existence I have ever been privy to reading. Sucks to be you man
143	1	a	@USER You turn a dull Tuesday night into a super sexy one! So hot! üî•üî•üî•
144	1	a	@USER donnie jr. you and your family owe the country an apology for taking your criminal activities into OUR White House You are lining your pockets while your father is unfit and making a mockery of our republic. Shame on you and your family. Justice will prevail
145	1	a	@USER BITCH
146	2	a	#Liberals grasp at unproven straws ... #NotPlastic URL
147	1	a	@USER Grateful Trump doesn‚Äôt have a dog in the White House. He is a cruel man.
148	1	a	WTC This is a threat!!! ..@USER #Maga #QAnon #WakeUpAmerica URL
149	1	a	@USER @USER NOT A SNOWBALLS CHANCE IN HELL DIMWIT DEM. Start taking losing like a man.....err...like a....uhm? Whatever you identify as today. WE WILL #MAGA NOT TIRED OF #WINNING SEE YOU IN NOVEMBER FOR THE #REDWAVERISING2018 YOU CAN'T STOP #ScotusKavenaugh
150	1	a	@USER Absolutely should be a nail in the coffin.... for Hilliary
151	1	a	@USER Hmmm...they piss off the portion of the population that actually supported football and are shocked their numbers took a nose dive?  Shocking!
152	0	a	@USER 2 battering rams used by liberals; sex &amp; racism. It is sinister &amp; desperate #BeneathHumanity
153	1	a	@USER She is drinking so much koolaid she‚Äôs bloated.
154	1	a	@USER @USER @USER please don't kill me. antifa on the other hand...
155	1	a	@USER What exactly is it about Willy that anyone with half a brain would consider conservative?   The guy is literally a poster child for Liberals
156	1	a	"@USER @USER @USER @USER @USER @USER @USER @USER @USER @USER @USER @USER Antifa doesn't beat facsists to try to get them to change their mind - they know it's a lost cause to try to change a fascist's mind. They do it to scare them into hiding, to demoralize them, and to stop the spread of their hateful ideology. There is no forcing views on others""."""
157	1	a	@USER @USER @USER so she is disgusting to you because she is a Rangers fan! you are disgusting to me because you support breaking up the union!  #proudtobeBritish üá¨üáß
158	1	a	@USER @USER She is such a disgusting hypocrite!
159	0	a	@USER Awful
160	1	a	@USER He is a beast
161	1	a	@USER I bet she`s had more prick`s than a second-hand pincushion! #MAGA üá¨üáßüá∫üá∏
162	2	a	@USER @USER @USER @USER @USER @USER @USER Exactly Hat @USER  are true Feckers ! I detest them
163	1	a	&amp; terroism &amp; starvation &amp; Flint &amp; poverty &amp; climate change &amp; global warming &amp; sex trafficking &amp; bullying &amp; body shaming &amp; police brutality &amp; feminism &amp; gun control &amp; marches &amp; protests
164	2	a	@USER @USER Liberals ruin everything!
165	2	a	@USER was literally just talking about this lol all mass shootings like that have been set ups. it‚Äôs propaganda used to divide us on major issues like gun control and terrorism
166	1	a	@USER @USER She is a fake. Vote her out. Now she wants sympathy.
167	0	a	@USER Desperation! Abuse of my power cause he is losing his mind
168	2	a	@USER all you want is gun control while you let corporations rip us Americans off you don‚Äôt stand up against cops assassinating unarmed black Americans cops are enemies of Americans that‚Äôs why their against @USER because they want to kill blacks in America thanks @USER
169	1	a	@USER Thats because you are an old man.
170	1	a	@USER Coming from a guy who worries more about straws than cleaning up failed 'shitty' policies..now he knows best..lol
171	0	a	@USER @USER @USER gun control! That is all these kids are asking for!
172	2	a	#FireMorningJoe he is cut from the same cloth as all other conservatives. His misogyny and bigotry are always on display. He is responsible for Trump. URL
173	0	a	I'm Assuming I'm Not Going to Get an Answer': Brainless  #Liberal Stooge Ocasio-Cortez  .@USER on $40T Policy Plan URL #WakeUpAmerica  THIS is NOT America's future VOTE Republican  or surrender America to these #DEM morons @USER #MAGA
174	1	a	@USER Holder was held in contempt of congress. Why isn't in prison for Fast and Furious? How about for murder?
175	1	a	@USER Hell did they boycott McEnroe.....this is too much!!
176	1	a	@USER YESSSSSHHHHH who else call you shitgull if it were not me or ryme üòö
177	1	a	@USER @USER @USER @USER @USER @USER @USER Lie about what? Certainly not about you throwing gun control &amp; accountability out the window once an illegal is involved.  And ‚Äúa‚Äù hollering? Are you seeing shit AND hearing voices?
178	1	a	#prouduncle üòç she is the finest cheerleader of them allüíô te amo stinky buttüíù URL
179	1	a	@USER Hahaha BIG thighs is not going to make it
180	1	a	@USER She is fucking delusional
181	2	a	@USER @USER @USER @USER To be fair. I‚Äôm positive most liberals are just blobs of cells..
182	1	a	@USER @USER @USER She is absolutely useless. Everyone knows it except for her and the media.
183	1	a	@USER I saw some shit today that made me want to @ her and politely ask her if I could be her stylist.... because I'm not here for these early 2000 bangle bracelets and unnecessary accessories like who's responsible? I have a few words. URL
184	1	a	#QAnon @USER #MAGA   For those who think nothing is happening! URL
185	2	a	@USER HAHAHAHA omg these people. They thought they would have their way FOREVER.  Idiots
186	2	a	@USER @USER Poor sad liberals. No hope for them.
187	2	a	@USER @USER Wow!!! Never thought I'd see the left actually admitting they want to shut down free speech unless it's their own. At least they are admitting they are the  facist. After all they did create the 2 most facist groups...ANTIFA and KKK.
188	1	a	@USER Hopefully your obesity catches up with you by then
189	2	a	"@USER @USER I'm sure he doesn't call his gated community's private security firm Bull Connors"" though. It's funny: Now liberals LOVE privatization of police!"""
190	1	a	@USER She mocked SJWs and the KKK with extremely clever satire. The fact you don‚Äôt have a sense of humor or are too stupid to get it is our fault. None of that means you get to denigrate or lie about her or her motives. She is a Native American woman and you are a bigoted misogynist.
191	1	a	@USER All you need to know is he is empty inside
192	0	a	@USER Liberals are all Kookoo !!!
193	2	a	@USER It‚Äôs so weirdly vicious and bitter to extrapolate from ‚Äòeveryone should have access to decent healthcare‚Äô to ‚ÄòLiberals think all criminals should be free.‚Äô  It reveals a pretty brutalist and impenetrable mind.
194	1	a	@USER Good!!! This will surely show us how croocked he is. üòÇüòÇüòÇ
195	2	a	@USER @USER As well this would allow you to still protest. But not stop a speaker or a group. Really Hitler did this in the early time of the Nazi party a group known as the SS would beat up politicians and people that didn't agree with them. (Sounds familiar smells like Antifa.)
196	1	a	@USER And this from the clown that should be in prison?
197	1	a	@USER Fuck off
198	1	a	Now she scarred herself for life lol #MAGA URL
199	1	a	@USER Good move....he is the big loser
200	2	a	@USER @USER @USER @USER @USER I did not admit anything! Read my Tweet again please! English is my 3rd language but I am rather good at it! Antifa are the Nazis! They can name them self the Messiah they would still be thugs fighting against freedom and free speach! BTW free speach is not hate speach. Man up!
201	0	a	@USER @USER @USER Republicans platform   -take away healthcare -harm the environment  -take away children -take away women‚Äôs rights -do not believe in rule of law -voter suppression  -gerrymandering  -take away social security  -no limits to gun control -explodes the budget  #VoteBlue2018
202	1	a	@USER @USER @USER Please call trump out for what he is...a NARCISSISTIC SOCIOPATH!
203	1	a	@USER @USER Anyone can say or write anything about themselves. Suppose tomorrow she says that she is a prophet and human race needs to follow her.  What does that tell about her ?  Once I see someone as useless moron I stop giving them any attention. You do the same brother. She is nobody.
204	2	a	"@USER if the reason for Farakans illegal values are because he is black or Muslim, that would be a reason to detest him. I believe his illegal values are simply a result of bad character, like his supporters!"""
205	2	a	@USER @USER And yet millions of permit holding people carried legally concealed firearms that same day and didn‚Äôt hurt themselves or anyone else.   But yet they want to have stronger gun control.   Idiots!  ü§®  Our wonderful media has to hype incidents that fits their agenda.
206	1	a	@USER This Russian agent is a DISGRACE. Hey old creep @USER you are going to die in prison. You and Trump sold America to the Russians and it‚Äôs time you do the time for your years of crimes. Scumbag.
207	1	a	@USER @USER Wonder if he apologized to Diamond and Silk for calling them a ‚Äúminstrel show?‚Äù  He should have been fired but there he is making faces.
208	1	a	@USER So she can‚Äôt be effected by the radiation but killed. I hope he mentions Lady Gaga witch. Since she is the only known immortal witch and supreme
209	1	a	@USER So a pathological liar is going to give the Judge a lecture on credibility because the judge won‚Äôt admit to something he didn‚Äôt do...   and we are the stupid ones.... üò≥   And liberals have no shame in the ignorance of their elected representatives.
210	1	a	@USER @USER I'm also a Prohibited Possessor thanks to Obama and his every soldier has  PTSD crazy administration.Can't get life insurance either.Still support the NRA and the work they do for gun rights.Hoping Trump will fix the wrongs of labeling veterans as a means to back-door gun control
211	1	a	@USER i just gave Beto $100 and you all should as well.  Trump called Ted's wife ugly and he is still licking his boots for help with reelection.
212	1	a	@USER @USER shut that wanker up
213	2	a	@USER @USER @USER @USER @USER @USER @USER @USER @USER @USER @USER ...and #LeviStrauss wanting gun control How many of us wonder why the heck do they want our freedoms taken away ~ or is it just selective freedoms? URL
214	2	a	@USER @USER @USER @USER Interesting when Demoncraps aren't even inventive enough to create their own cartoons.  This is originally put out by Republicans - liberals are the Koolaide drinkers and always have been. Liberals are also the scum of the earth and prove it daily through their lies
215	2	a	@USER ...@USER is 100% correct and should be applauded for criticizing our inept and corrupt President - not denounced for it.....@USER @USER @USER @USER @USER @USER @USER @USER @USER @USER @USER @USER
216	1	a	@USER @USER when robyn posts a selfie the world stops for a moment to appreciate it
217	0	a	@USER How fucking sad üò£
218	1	a	@USER @USER @USER Well then I guess it's totally fine to attack his character then. My mistake. I mean what right does an American who was the victim of gun violence have to call for stricter gun control laws anyway?
219	2	a	4 out of 10 British people are basically full-on racists. 4 out of 10 voters vote for the Conservatives. Coincidence!???!???
220	1	a	@USER @USER There are many dumb arguments for gun control but this may be the dumbest and most common.
221	1	a	@USER Woodword's book is slander.  He is nothing but a Clown Tool!
222	2	a	@USER EVERYTHING is an issue with Muslims..go live in another country like Iran..
223	0	a	@USER @USER Liberals cannot imagine a circumstance where they are forced to defend themselves or their family from violence.  They imagine such an eventuality to be beyond the realm of possibility and they foolishly believe that the police will arrive quickly enough to save them.
224	2	a	@USER @USER Kind of like when conservatives wanna associate everyone to their left as communist antifa members?
225	1	a	"@USER HAHAHAHAHAHAHAHA!!! She may need to change her strategy. Acting like a spoiled child... throwing a tantrum and showing the world what a sore loser she is... on national television... isn't a great way to improve how anyone"" is viewed."""
226	1	a	@USER A quick way to get yourself killed.  Thanks Antifa!
227	1	a	@USER Chelsea is as crazy as her mother
228	1	a	@USER Gonna be a bitch to re-write this one.
229	1	a	@USER @USER @USER This leftist is what is wrong in liberal colleges. More ppl and students will come out and will unmask this corrupt woman who is determined to destroy a good judge because she wants only liberals in the courts. @USER  @USER  @USER
230	2	a	@USER We shouldn‚Äôt be surprised. These same pigs worked with neonazis to unmask antifa protestors. And the local coverage by shit journos like @USER didn‚Äôt cover that AT ALL. We had to rely on @USER for investigative coverage URL
231	0	a	"@USER GOP, Conservatives, Evangelicals, Traditionalists"" Catholics are all hypocrites."""
232	1	a	@USER  I think he could be called a turncoat  talking out of both sides of his fucking mouth  Lindsey Graham can no longer be trusted URL
233	1	a	@USER @USER the nose distracts from the news
234	1	a	@USER Oh my Carmen. He is SO FRICKING CUTE
235	2	a	@USER Poor Baby.  This is why you and your entire network CAN NOT be trusted.    The only people still watching CNN are brainwashed liberals and demonrats. URL
236	1	a	*Gets Period* You are the cause of my ùì≠ùîÇùìºùìπùì±ùì∏ùìªùì≤ùì™
237	2	a	@USER So has the Law changed...you just make an allegation now days and your guilty until proven innocent. Liberals are mentally ill!
238	1	a	@USER He is a drunk crazy man.
239	2	a	@USER Yes do hurt your selves gun control freaks.
240	0	a	"@USER how does what I'm saying relate to gun control. if police departments will not prosecute their own family"" then it's time to limit their access to all weapons. A police department reluctant to acknowledge their own wrong doings and correct them dont deserve access to weapons."""
241	1	a	@USER Character and Clinton. Cartoon maybe
242	1	a	@USER @USER @USER He is dumb and dumber all in one president.  It's a two for one.
243	2	a	@USER All communist Democrat socialists are bad humans.
244	2	a	"@USER @USER Let's focus on Kavanaugh. Bringing up other cases to make an argument about hypocrisy is irrelevant. It's like saying, Let's not investigate this bank robbery because liberals have robbed other banks."" Try to focus."""
245	1	a	Shouldn't pussy grabbing @USER be the one wearing the gloves while handling food? #MAGA URL
246	0	a	"@USER @USER Lol these are exciting times..."" God he is the worst"""
247	1	a	@USER So... Did Angela hook up with a younger guy so she has someone to wipe her butt when she is 75?
248	1	a	@USER Then why are you pretending to be something your not???You are a phony and all your lies won't change that!
249	1	a	@USER @USER @USER @USER I wasn't proposing scare tactics. I really meant what I said. Trump can easily pull the good maga Republicans and can easily steal enough votes from GOP Dem and independents and will bring fresh breath to our rotten politics. Think about it.
250	2	a	@USER @USER @USER @USER @USER @USER You must be talking about hateful conservatives.
251	1	a	@USER She is.  Ur screwed.  Trump owns scotus and he will exact a wrath upon enemies after the midterms
252	2	a	#USA #UK and probably #Europe and #Australia  With their level of intelligence?  Weez all stoopid y'all!  #MAGA #MEGA #MBGA #MCGA #Conservatives #Patriots #Celebrities URL
253	0	a	@USER Does not suffer fools and has seen enough shit to last nine lives.
254	1	a	@USER Trump kicks dem butt - its so fun.
255	2	a	@USER Fuck em
256	1	a	@USER @USER @USER i have heard he is making waves
257	1	a	@USER @USER @USER @USER LOL!!!   Throwing the BULLSHIT Flag on such nonsense!!  #PutUpOrShutUp   #Kavanaugh   #MAGA   #CallTheVoteAlready URL
258	0	a	@USER @USER @USER @USER @USER @USER @USER is clearly racist and anti senior citizen. How do you allow this? Conservatives will never take you seriously if you don't start being fair.
259	0	a	@USER @USER @USER They are obstructionists. Anti-american. Pharisees. Ask them what they are running on and you get nothing. Maga!
260	1	a	@USER those students not traumatised by having live shooter drills or distracted by fear of being killed at school are already doing their best. Send YOUR kid to one of those schools and we might get some action on gun control. Hypocrite.
261	1	a	@USER SJSHSJ THATS MY JOB BITCH
262	2	a	@USER Why? Why are liberals so trashy?
263	2	a	.@USER As my elected MP could you please explain why @USER is still promoting ideas that the EU have already rejected? We've 6 months to go and nothing appears to be moving onward. @USER are like the blind leading the blind #brexitshambles #BrexitMeansBrexit URL
264	1	a	@USER @USER She is an ugly black hearted troll URL
265	1	a	@USER No we can‚Äôt be losing AB he is literally our whole offense
266	1	a	@USER Tbh these days i just don't like people in general i just don't connect with people these days just a annoyance..
267	2	a	@USER Which is why it‚Äôs awesome that Kavanaugh didn‚Äôt shake that gun control dads hand.  Sorry for kid was killed by a gun but it‚Äôs not the future judges fault it happened...... omg white people in cities are silly
268	1	a	@USER the owner of my culo
269	1	a	@USER @USER He is delirious!
270	1	a	@USER It appears to be paired with a WOO-HOO so he must think he is on his way to a brothel.
271	2	a	@USER ANCIENT HOMIES COULDNT HAVE COCK COCKS FIGHTING BECAUSE THAT WAS LITERALLY ILLEGAL IN ATHENS FJSHDHJS
272	2	a	@USER Once again it's been proven that all gun control laws are intended to disarm the law abiding citizens and subvert the #2A. Criminal *don't* care about gun laws.
273	2	a	@USER I mean it worked for gun control right? URL
274	1	a	@USER @USER @USER She is mentally unstable.
275	1	a	@USER @USER All great American Patriots are the dregs of society in the warped and delusional perspective of Joe Blow Biden. He is a disgrace to America.
276	1	a	@USER WAPO what an idiot comment you are a disgrace to journalism VERY SAD
277	1	a	@USER CBS sez CEO Leslie Moonves' out on his ass after several allegations he was chasing ass... COO Joseph Iannello will be interim CEO until somebody accuses him of the same thing... This 'shit' never ends... Ooops...
278	0	a	@USER @USER @USER @USER @USER @USER @USER @USER @USER It does work. If you want to control a population.  Australian gun control had no effect on homicides.
279	2	a	Confirm the MAN! THE LEFT WING ACTIVIST IS A LIAR WHO'S STORY CHANGES! NO HARD EVIDENCE! #ChristineBlaseyFord Innocent until proven guilty! #ConfirmKavanaugh  #MAGA  @USER  #WeakRinos #Republicans
280	1	a	(2020 election season)  Trump: my dick is the most magnificent dick. Just tremendous.   Leftists: prove it you Russian puppet!  Trump: *whips dick out in fit of senility*  Conservatives: *vote Trump to victory*
281	1	a	@USER Stfu bitch lol why u Salty I‚Äôm tryna get twitter famous ya know
282	1	a	@USER Then HAUL YOUR FAT ASS IN HARMS WAY YOU DRUGGIE!!!
283	1	a	"#MAGA people are very low IQ. GDP Growth"" means LITERALLY NOTHING. In no way does this translate to higher income for white familes or individuals. All that billions goes to companies or government.   And what jobs did he create? Labour which pays less than living wage lmao? URL"
284	0	a	@USER @USER @USER @USER @USER @USER This is the ANTIFA party &amp; all of a sudden they expect us to believe they care about anyone besides themselves. Nope.
285	0	a	@USER @USER Such delusional liberals..! So twisted with hate you can't even acknowledge the U.S. Airforce..!!
286	1	a	@USER Fuck u
287	2	a	@USER @USER Liberals have no shame. To them the outcome justifies the mean
288	2	a	@USER He and Obama must be copying each other does any democrat have their own thought PLEASE !!!
289	1	a	@USER yyyy fuck no bitch we decided we both was gone steepppp
290	1	a	@USER Getting scared ugly man?
291	1	a	@USER @USER @USER @USER He‚Äôs dead. So you are a necrophiliac as well? Good to know...you must suck at chess never mind 3 dimensional chess...you can‚Äôt even think one move ahead let alone many...Change your twitter handle to DumbAF not even ishüôÑüôÑüôÑ
292	2	a	@USER This all I get üò¢ damn these haters deleting you IG for no reason... URL
293	1	a	@USER This sicko thinks that others scheme and lie like he and a lot of the liberals do. Remember Rham Emanuel‚Äôs famous quote ‚ÄúYou never let a serious crisis go to waste‚Äù
294	1	a	@USER Bro go watch how he hold his backwood in the interview like that shit was irritating lmao nigga is mad suspicious
295	1	a	@USER Sucks
296	0	a	10kids from different women from this American jobless men? Nigerian men you are the bomb!!!
297	1	a	@USER @USER Who authorized a search warrant of mr Jean home?  Racist what about her drug test. This is premediated murder. He will not be slandered. He is the victim.
298	1	a	@USER you fucking -
299	0	a	Anyone surprised? @USER  #CloserNation  #MAGA #QAnon URL
300	1	a	@USER If Jamie Oliver fucks with my ¬£3 meal deals at Tesco I‚Äôll kill the cunt
301	1	a	@USER But not as despicable as her own.
302	1	a	@USER @USER Oh you are in England?  Your views on gun control stopped mattering in 1776.
303	1	a	@USER @USER You look happy .MAGA
304	0	a	#Manitoba - #NDP leader Wab Kinew on the #carbontax URL Are you proud of yourselves @USER and @USER You allow the NDP to come at you from the right? You're all as insane as the #Trudeau #Liberals #Winnipeg #Canada #MBpoli
305	2	a	@USER They should. Hopefully voters will realise that they could have ended this shitshow well before the midterms.
306	1	a	@USER @USER (She is clearly agitated in a defensive stance) Shit- what is she doing here
307	1	a	@USER @USER Mxm nigger thinks we give a fuck URL
308	2	a	@USER #StrataData #AI #data #hairball: @USER TDavis touring the application of #Cognitive and #machinelearning techniques to speed #Governance of #data URL
309	1	a	@USER I CARE THAT HE WAS MURDERED. I don't care whether he had some weed in his home (like a whole lot of Americans do) any more than I'd care if you said he had 100 pairs of socks. He is the victim. You are trying to smear the victim. You are despicable.
